Model,Accuracy,Precision,Recall,F1 Score,AUC
DenseNet121,0.8189102564102564,0.7855670103092783,0.9769230769230769,0.8708571428571429,0.9429541968003506
EfficientNetB0,0.7211538461538461,0.6949458483754513,0.9871794871794872,0.815677966101695,0.9128643436335745
MobileNetV2,0.6939102564102564,0.6712564543889845,1.0,0.8032955715756952,0.9313280736357659
